,0
0,1 Ingredient Pizza
1,1 Item Pizza
2,1 Large 1 Topping Pizza
3,"1 Large 1, Topping Pizza"
4,1 Large Cheese Pizza
5,"1 Medium 1, Topping Pizza"
6,1 Pizza With 2 Toppings
7,1 Pizza With The Works
8,1 Topping Mozzarella Pizza
9,1 Topping Pizza
10,10 Inches Pizza Cheese
11,10 Pizza Margherita
12,10 Sweep The Kitchen and 10 Single Topping Pizzas
13,100 Pound Pizza
14,12 Sweep The Kitchen Pizza
15,14 Party Pizza
16,14 Sweep The Kitchen Pizza
17,15 Pizza Fruitti Di Mare
18,15 Pizza Mafia
19,16 Inches Pizza Cheese
20,2 Item Pizza
21,2 Items Pizza
22,2 Large 14 Plain Pizza
23,2 Large Cheese Pizza
24,2 Large Cheese Pizzas
25,2 Large Pizzas
26,2 Med Pizzas
27,2 Medium Cheese Pizza
28,2 Medium Cheese Pizzas
29,2 Medium Pizzas
30,2 Pizza Roll
31,2 Slices Cheese Pizza and Beverage
32,2 Slices of Cheese Pizza and Medium Drink
33,2 Slices of Pizza
34,2 Small Cheese Pizza
35,2 Topping Mozzarella Pizza
36,2 Toppings Pizza
37,3 Cheese Pizza
38,3 Item Pizza
39,3 Items Pizza
40,3 Meat Treat Pizza
41,3 Medium Cheese Pizzas
42,3 Topping Mozzarella Pizza
43,3 Topping Pizza
44,3 Toppings Pizza
45,4 Cheese Pizzavegetarian Option
46,4 Medium Cheese Pizzas
47,4 Toppings Pizza
48,4 or More Items Pizza
49,4. Pizza Cheese Steak
50,5 Borough Pizza
51,5 Topping Special Pizza
52,7 Inch Two Topping Pizza
53,8 Corner Pizza
54,8 Pizza
55,8 Single Topping Pizza
56,8 Sweep The Kitchen or Any 8 Specialty Pizza
57,8in Mini Cheese Pizza
58,9. White Clam Pizza
59,9th Island Pizza
60,Abbondante Bbq Chicken Pizza
61,Add To Large Pizzas
62,Additional Toppings Cheese Pizza
63,Adult Cheese Pizza
64,Alfredo Pizza
65,Alfresco Pizza
66,All American Deep Dish Pizza
67,All Meat Pizza
68,All Meats Pizza
69,All Pizzas
70,All White Pizza
71,Alpine Pizza
72,American Pizza
73,Americana Pizza Pocket
74,Americano Pizza
75,An Individual Classic Sirloin Pizza
76,An Individual Margherita Pizza
77,Antonio Pizza
78,Any Brick Oven Pizza
79,Any Large Pizza
80,Any Lg Pizza Up To 4 Toppings
81,Any Med Pizzas Up To 4 Toppings
82,Any Six ( 6 ) 10 Signature Pizzas
83,Any Six (6) 10 Signature Pizzas
84,Apple Delight or Cherry Jubilee Pizza
85,Apple Pie Pizza
86,Apple Pizza
87,Arrabbiatta Pizza
88,Arthichoke Heart Chicken Pizza
89,Artichoke Chicken Pizza
90,Artichoke Combo Pizza
91,Artichoke Pizza
92,Artichoke and Sweet Potato Pizza
93,Artisan Cheese Pizza
94,Artisan Pizza
95,Artisanal Grilled Pizza
96,Arugula Pizza (seasonal)
97,Assorted Pita Pizzas
98,Autumn Pizza (seasonal)
99,Autumn Squash Pizza
100,B.b.q. Chicken Pizza
101,B.b.q. Madness Stuffed Pizza
102,B.b.q. Madness Thin Crust Pizza
103,B.l.t. Pizza
104,Bacon Cheddar Burger Pizza
105,Bacon Cheese Burger Pizza
106,Bacon Cheese Fry Pizza
107,Bacon Cheeseburger Pizza
108,Bacon Cheeseburger Stuffed Pizza
109,Bacon Cheeseburger Thin Crust Pizza
110,Bacon Double Cheese Burger Pizza
111,Bacon Pizzaburger
112,Baked Pizzaiola
113,Baked Ziti Pizza
114,Bar Pizza
115,Barbecue Chicken Flatbread Pizza
116,Barbecue Chicken Pizza
117,Barbecue Flatbread Pizza
118,Barbecue Pizza
119,Barbeque  Pizza
120,Barbeque Chicken  Pizza
121,Barbeque Chicken Pizza
122,Barbeque Pizza
123,Basil and Tomato Pizza
124,Bbq Chicken Pizza
125,Bbq Chicken Pizza (large)
126,Bbq Chicken Pizza (medium)
127,Bbq Chicken Pizza (small)
128,Bbq Chicken Pizza Bread
129,Bbq Chicken and Bacon Pizza
130,Bbq Chicken and Red Onion Pizza
131,Bbq Grilled Chicken Pizza
132,Bbq Pizza
133,Bbq Pizzanew Item
134,Bbq Pork Pizza
135,Bbq Pulled Pork Pizza
136,Bbq Roasted Chicken Pizza
137,Bbq Vegetarian Pizza
138,Bella Pizza
139,Bella Rossa Pizza
140,Bellablanca Gourmet Pizza (reg Crust)
141,Bellablanca Gourmet Stuffed Pizza
142,Bellablanca Thin Crust Pizza
143,Berkeley Vegan Cheese Veggie Pizza
144,Berlin Pizza
145,Berry Pizza
146,Bianca Large Pizza
147,Bianca Medium Pizza
148,Bianca Pizza
149,Bianca Pizza (no Sauce)
150,Bianco White Pizza
151,Big Fat Greek Pizza
152,Bistecca Alla Pizzaiola
153,Blackened Chicken Bacon Pizza
154,Blackened Chicken Caesar Pizza
155,Blackened Chicken Pizza
156,Blast Furnace Pizza
157,Blazin Buffalo Stuffed Pizza
158,Blazin Buffalo Thin Crust Pizza
159,Blazing Saddles Pizza
160,Blockhead Pizza
161,Blt Pizza
162,Blt or Pizza Sub
163,Bolognia Pizza
164,Bourbon Bbq Gourmet Pizza
165,Bowery Queen Pizza
166,Braised Beef Short Rib and Truffle Pizza
167,Breakfast Hangover Pizza
168,Breakfast Pizza
169,Breakfast Pizza Slice
170,Brick Oven Pizza
171,Brick Oven Pizza Al Metro
172,Broad Street Cheese Pizza
173,Broccoli Pizza
174,Broccoli Rabe and Spicy Sausage Pizza
175,Broccoli and Shells Pizza
176,Broccoli and Tomato Pizza
177,Bronx Bomber Pizza
178,Brooklyn Style Pizza
179,Bruha Pizza
180,Brunch Pizza
181,Bruschetta Pizza
182,Bucks Pizza Stromboli
183,Bufalo Chicken Pizza
184,Buffalo Chicken Flatbread Pizza
185,Buffalo Chicken Pita Pizza
186,Buffalo Chicken Pizza
187,Buffalo Chicken Pizza (large)
188,Buffalo Chicken Pizza (medium)
189,Buffalo Chicken Pizza (small)
190,Buffalo Chicken Pizza (white)
191,Buffalo Chicken Sicilian Pizza
192,Buffalo Chicken Wing Pizza
193,Buffalo Pizza
194,Buffalo Wing Pizza
195,Build Own Pizza
196,Build Your Own Breakfast Pizza
197,Build Your Own Pepperoni Pizza
198,Build Your Own Pizza
199,Bulgogi Tortilla Pizza
200,Butternut Squash Pizza
201,Byo Pizza
202,Byop (build Your Own Pizza)
203,Cadillac Pizza
204,Caeser Sald Pizza
205,Cajun Chicken Pizza
206,Cajun Pizza
207,Cal Italia Gold Medal Winner Food Network Pizza Champions Challenge
208,Calabash Island Pizza
209,Calabash Pizza
210,Calabrese (pizza In A Pocket)
211,Calabria Special Large Pizza
212,Calabria Special Medium Pizza
213,Calabria Special Sicilian Pizza
214,Cali Chicken Bacon Ranch Pizza
215,California Club Pizza
216,California Pizza
217,Californian Pizza
218,Calmari Pizza
219,Canadian Chicken Pizza
220,Capelli Pizza
221,Caprese Pizza
222,Caprese Square Pizza
223,Capriccia Pizza
224,Caprice Pizza
225,Captain Jean Pizza
226,Carchiofi Pizza
227,Caribbean Cajun Shrimp Pizza
228,"Carmelized Leek Pizza, Roasted Garlic Soubise, Fingerling Potatoes"
229,Carne (meat) Pizza
230,Carne Alla Pizzaiola
231,Carne Classica Pizza
232,Carne Pizza
233,Carnivore Pizza
234,Carolina Goat Cheese Pizza
235,Casablanca Pizza
236,Cashew Chicken Pizza
237,Cattleman Pizza
238,Cave Man Pizza
239,Chalet Pesto Pizza
240,Chalet Red Hot Pizza
241,Chalet Vegetarian Pizza
242,Charbroiled Chicken Pizza
243,Cheese Flatbread Pizza
244,Cheese Grilled Pizza
245,Cheese Ice Cream Pizza
246,Cheese Large Pizza
247,Cheese Lovers Pizza
248,Cheese Medium Pizza
249,Cheese Pan Pizza
250,Cheese Party Pizza
251,Cheese Personal Pizza
252,Cheese Pizza
253,Cheese Pizza (red or White)
254,Cheese Pizza Slice
255,Cheese Pizzarito
256,Cheese Pizzas
257,Cheese Sicilian Pizza
258,Cheese Steak Pizza
259,Cheese Stuffed Pizza
260,Cheese Thin Crust Pizza
261,Cheeseburger Pizza
262,Cheeseless Veggie Pizza
263,Cheesesteak Pizza
264,Cheesesteak Pizzaiola
265,Cheesesteak Stuffed Cheese Pizza
266,Cheesy Beef Pizza
267,Cheesy Bread Pizza (full)
268,Cheesy Pita Pizza
269,Cheesy Pizza
270,Chefs Daily Pizza
271,Cherry Pie Pizza
272,Chesters Lavash Pizza
273,Chicago 7 Pizza
274,Chicago Classic Deep Dish Pizza
275,Chicago Combo Pizza
276,Chicago Deep Dish Pizza
277,Chicago Pizza
278,Chicken Alfredo Pizza
279,Chicken Bacon Cheddar Pizza
280,Chicken Bacon Ranch Pizza
281,Chicken Bbq Pizza
282,Chicken Broccoli Aflredo Pizza
283,Chicken Broccoli Pizza
284,Chicken Cacciatore Pizza
285,Chicken Cheesesteak Pizzaiola
286,Chicken Club Pizza
287,Chicken Cordon Bleu Pizza
288,Chicken Cordone Bleu Pizza
289,Chicken Cutlet Pizza
290,Chicken Delight Pizza
291,Chicken Fajita Pizza
292,Chicken Florentine Pizza
293,Chicken Gourmet Pizza
294,Chicken Marsala Pizza
295,Chicken Meatball Pizza
296,Chicken Napolitano Pizza
297,Chicken Parm Pizza
298,Chicken Parmesan Pizza
299,Chicken Parmigiana Pizza
300,Chicken Parmigiana Sicilian Pizza
301,Chicken Pesto Gourmet Pizza
302,Chicken Pesto Pizza
303,Chicken Pita Pizza
304,Chicken Pizza
305,Chicken Pizza Steak
306,Chicken Pizzaiola
307,Chicken Pizzaiola (lunch Portion)
308,Chicken Ranch Pizza
309,Chicken Scallopini Pizzaiola
310,Chicken Special Pizza
311,Chicken Stuffed Pizza
312,Chicken Supreme Pizza
313,Chicken Teriyaki Flatbread Pizza
314,Chicken Teriyaki Pizza
315,Chicken Verde Artisan Crust Pizza
316,Chicken Wing Pizza
317,Chicken With Broccoli Pizza
318,Chicken and Broccoli Pizza
319,Chicken and Broccoli Pizza (large)
320,Chicken and Broccoli Pizza (medium)
321,Chicken and Broccoli Pizza (small)
322,"Chicken, Bacon and Spinach Pizza"
323,"Chicken, Bacon, Ranch Pizza"
324,"Chicken, Spinach Bacon Pizza"
325,Chili Cheese Fries Pizza
326,Chinese Pizza
327,Chipotle Pizza
328,Chipotle Shrimp Pizza
329,Chocolate Chip Pizza
330,Chocolate Chunks Pizza
331,Chocolate Pizza
332,Choose From Our Pizza Selections
333,Chorizo Pizza
334,Chorizo Sausage Pizza
335,Chorizo and Pepper Pizza Fire Grilled Pizza Crust
336,Cinnamon Dessert Pizza
337,Cinque Formaggio Pizza
338,Citiline Pizza
339,City Combo Pizza
340,City Pizza
341,City Special Pizza
342,Clam Pizza
343,Clams Casino Pizza
344,Classic Cheese Pizza
345,Classic Coal Fire Pizza
346,Classic Margherita Artisan Crust Pizza
347,Classic Margherita Pizza
348,Classic Pepperoni Lahvosh Pizza
349,Classic Pepperoni Pizza
350,Classic Pizza
351,Classic Sirloin Pizza
352,Classic Veggie Pizza
353,Club Pizza
354,Coconut Cream Pizza
355,Combination Pizza
356,Combination Pizza (extra Large 28 Pieces)
357,Combination Pizza (large 20 Pieces)
358,Combination Pizza (medium 16 Pieces)
359,Combination Pizza (party Size 36 Pieces)
360,Combination Pizza (personal Size)
361,Combination Pizza (small 8 Pieces)
362,Combo Pizza
363,Covaccino Pizza
364,Cove Taco Pizza
365,Crab Dip Pizza
366,Crab Pizza
367,Creat Your Own Pizza
368,Create Pizza
369,Create Your Own Large Pizza
370,Create Your Own Pan Pizza
371,Create Your Own Pizza
372,Create Your Own Pizza Large 18 Inches
373,Create Your Own Pizza Personal 12 Inches
374,Create Your Own Small Pizza
375,Crispy Thin Cheese Pizza
376,Crooked Cheese Pizza
377,Crooked Pepperoni Pizza
378,Cubs Pizza
379,Custom Build Pizza
380,Customer Appreciation Large Cheese Pizza
381,Daily Pizza
382,Daisy Pizza
383,Dark Hollow Pizza
384,Decadent Chicken Pizza
385,Deep Dish Cheese Pizza
386,Deep Dish Pan Pizza
387,Deep Dish Pizza
388,Deep Dish White Pizza
389,Deep Pan Pizza
390,Della Casa Pizza
391,Delux Pizza
392,Deluxe Pizza
393,Deluxe Pizza Subs
394,Deluxe Style Pizza
395,Dessert Pizza
396,Double Deckeroni Pizza
397,Doughless Pizza
398,Dry Barrel Margherita Pizza
399,Dutch Apple Treat Pizza
400,Each 2nd Pizza
401,Edwardo Pizza
402,Egg Pancetta Pizza
403,Eggplant Delight Pizza
404,Eggplant Parmesan Pizza
405,Eggplant Parmigiana Pizza
406,Eggplant Parmigiana Sicilian Pizza
407,Eggplant Pizza
408,Eggplant Ricotta Pizza
409,Eggplant Rollatini Pizza
410,Eggscellent Pizza (white)
411,El Diablo Pizza
412,Enchilada Pizza
413,Everything Pizza
414,Extra Large Pizza
415,Extra Pizza Cheese
416,Fajita Pizza
417,Falafel Pizza
418,Family Pizza Nights
419,Famous Paisans Pizza Sauce Quart
420,Fare Soldi Gourmet Pizza (reg Crust)
421,Fare Soldi Gourmet Stuffed Pizza
422,Fare Soldi Thin Crust Pizza
423,Farmers Pizza
424,Farmers Pizza (large)
425,Farmers Pizza (medium)
426,Farmers Pizza (small)
427,Fennel Pizza (seasonal)
428,Fennel Sausage Pizza
429,Fiamma Clams Casino Pizza
430,Fiery Hawaiian Pizza
431,Fig Pizza
432,Fire Den Supreme Pizza
433,Five Cheese Pizza
434,Five Star Pizza
435,Flat Bread Pizza
436,Flat Bread Pizza (7x7)
437,Flat Bread Pizza Margherita
438,Flat Bread Pizza of The Day
439,Flatbread Cheese Pizza
440,Flatbread Pizza
441,Flatbread Pizza of The Day
442,Flatbread Pizza of The Day (yazoo Pale Ale)
443,"Flatbread Pizza, Caramelized Onion"
444,"Flatbread Pizza, Caramelized Onion, Goat Cheese, Wild Mushrooms"
445,"Flatbread Pizza, Fresh Mozzarella"
446,"Flatbread Pizza, Fresh Mozzarella, Basil, Roasted Garlic and Pine Nuts"
447,Florentine Pizza
448,Focaccia Pizza Bread
449,Formaggi Pizza
450,Four 18 Pizzas
451,Four Cheese Pizza
452,Four Cheezer Pizza
453,Four Pig Pizza
454,Four Season of Pizza
455,Four Seasons Pizza
456,Four Seasons Pizza (large)
457,Four Seasons Pizza (medium)
458,Four Seasons Pizza (small)
459,Franks Buffalo Chicken Pizza
460,Free Soft Drink With Pizza
461,French Bread Pizza
462,French Canadian Pizza
463,Fresh Greek Pizza
464,Fresh Mozzarella Pizza
465,Fresh Mozzarella and Tomato Pizza
466,Fresh Mushroom Pizza
467,Fresh Pizza Dough
468,Fresh Tomato Pizza
469,Fresh Tomato and Basil Pizza
470,Fresh Tomatoes Pizza
471,Frickin Chicken Pizza
472,Fried Chicken Pizza
473,Fried Pizza
474,Fru Fru Pizza
475,Fruit Pizza
476,Fun Guy Pizza
477,Funghi Pizza
478,Galore Pizza
479,Garden Pizza
480,Garden Vegetable Pizza
481,Garlic Chicken Pizza
482,Garlic Delight Pizza
483,Garlic Pizza
484,Garlic Pizza Bread
485,Garlicky Chicken Pizza
486,Genovese Pesto Pizza
487,Genovese Pizza
488,Giant Cheese Pizza
489,Gluten Free Cheese Tomato Thin Crust Pizza
490,Gluten Free Pepperoni Thin Crust Pizza
491,Gluten Free Pizza
492,Gluten Free Pizza Available
493,Gluten Free Pizza Calandra
494,Gluten Free Veg Out Pizza
495,Gluten Free Veggie Thin Crust Pizza
496,Gluten Pizza
497,Gnocchi Bella Pizza
498,Goat Cheese Pizza
499,Good Company Fiesta Pizza
500,Gorgonzola Pizza
501,Gourmet  Pizza
502,Gourmet Chicken Ranch Pizza
503,Gourmet Meat Pizza (medium)
504,Gourmet Meat Pizza (small)
505,Gourmet Meat Pizzatm
506,Gourmet Meatball Pizza
507,Gourmet Spinach Pizza
508,Grandma Pizza
509,Grandma Pizza (round or Square)
510,Grandma Sicilian Pizza
511,Great Tasting Cheese Pizza
512,Greco Pizza (greek Pizza)
513,Greek Chicken Pizza
514,Greek Combo Pizza
515,Greek Flatbread Pizza
516,Greek Grill Pizza
517,Greek Pizza
518,Greek Pizza (large)
519,Greek Pizza (medium)
520,Greek Pizza (small)
521,Greek Supreme Pizza
522,Grilled Bruschetta Pizza
523,Grilled Caesar Pizza
524,Grilled Chicken Pizza
525,Grilled Chicken Vodka Pizza
526,Grilled Flatbread Pizza
527,Grilled Margherita Pizza
528,Grilled Pepperoni Pizza
529,Grilled Pizza
530,Grilled Pizza of The Day
531,Gustosa Pizza
532,Gyro Pita Pizza
533,Gyro Pizza
534,H.l.d. Pizza
535,H.o.g. Pizza
536,Half Pizzas
537,Ham and Pineapple Pizza
538,Hand Tossed Brick Oven Pizza
539,Hangover Pizza
540,Happy Hour Pizza
541,Hawaiian Chicken Pizza
542,Hawaiian Delight Pizza
543,Hawaiian Flatbread Pizza
544,Hawaiian Gourmet Pizza
545,Hawaiian Gourmet Stuffed Pizza
546,Hawaiian Ham Pizza
547,Hawaiian Pizza
548,Hawaiian Pizza (large)
549,Hawaiian Pizza (medium)
550,Hawaiian Pizza (small)
551,Hawaiin Pizza
552,Hawiian Gourmet Pizza (reg Crust)
553,Hawiian Thin Crust Pizza
554,Heart Attack Pizza
555,Heirloom Tomato Pizza
556,High Plains Drifter Pizza
557,Homemade Mexican Pizza
558,Honey Bbq Chicken Pizza
559,Honey Blue Cheese Pizza
560,Honey Chicken Pizza
561,Honolulu Hawaiian Pizza
562,Hot Oil Pizza
563,Hot Sausage Pizza
564,Hot Wheel Pizza
565,Hot Wing Pizza
566,House Made Pizza
567,House Pizza Special
568,"House Smoked Salmon Pizza, Lemon Creme Fraiche, Tobiko Caviar"
569,House of Brews Breakfast Pizza
570,Howie Maui Pizza
571,Howie Special Pizza
572,Hummus Veggie Pizza
573,I Like Meat Pizza
574,Ice Cream Pizza
575,Includes Pizza Sauce and Mozzarella
576,Individual Cheese Pizza
577,Individual Cheese Pizza Soup Sandwich Combo
578,Individual Margarita Pizza
579,Individual Pepperoni Pizza
580,Individual Pizza
581,Individual Pizza Event
582,Insalata Bella Pizza
583,Isabella Pizzarella
584,Island Pizza
585,Italian Beef Pizza
586,Italian Flag Pizza
587,Italian Herb Pizza Crust
588,Italian Meat Lovers Pizza
589,Italian Pepperoni Four Cheese Pizza
590,Italian Pizza
591,Italian Pizza Burger
592,Italian Sausage Pizza
593,"Italian, Veggie or Pizza Sub"
594,Italiano Four Seasons Pizza (quanttro Stagioni)
595,Italiano Pizza
596,Italiano Pizza Pocket
597,Jerk Gourmet Pizza
598,Jerry Special Pizza
599,Jones Street Pizza
600,Jr. Pepperoni Pizza
601,Jumbo Cheese Pizza
602,Junior Pizza
603,Junior and Pizza With Mozzarella Cheese
604,Khans Korean Pizza
605,Kickin Chicken Pizza
606,Kid Pizza Bites
607,Kiddie Pizza
608,Kids Cheese Pizza
609,Kids Cheese Pizza Meal
610,Kids Flatbread Pizza
611,Kids Mini Pizza
612,Kids Pizza
613,Kids Size Pizza
614,La Caponata Pizza
615,Large 4 Topping Pizza
616,Large 6 Toppings Pizza
617,Large Cheese Pepperoni Pizza
618,Large Cheese Pizza
619,Large Cheese Pizza With One Topping
620,Large Cheese Pizza.
621,Large Hawaiian Pizza
622,Large Meatlover Pizza
623,Large One Topping Pizza
624,Large Pepperoni Pizza
625,Large Pepperoni Plus Pizza
626,Large Pizza
627,Large Pizza (2 Toppings)
628,Large Pizza 16 Inches
629,Large Pizza Buns
630,Large Pizza Cheese
631,Large Pizza and Mussels
632,Large Sicilian Cheese Pizza
633,Large Supreme Pizza
634,Large Supreme Pizza.
635,Large The Works Pizza
636,Large Veggie Pizza
637,Las Pizzas Del Fuego
638,Lasagna Pizza
639,Lemon Pepper Chicken Pizza
640,Lg 1 Topping Pizza
641,Linguica and Onion Pizza
642,Livingwell Pizza
643,Loaded Steak Pizza
644,Lobster Pizza
645,Lomo Saltado Pizza
646,Lone Star Bbq Pizza
647,Lotti Cheese Pizza
648,Low Fat Specialty Pizza
649,Lunch Pizza Your Way
650,M S G Pizza
651,M.y.o.p Make Your Own Pizza
652,Main Street Pizza Sub
653,Make It A Special Pizza
654,Make Your Own Pizza
655,Mama Light Pizza
656,Man Eater Mike Pizza
657,Maneater Mike Pizza
658,Mangia Pizza Combo
659,Manhattan White Pizza
660,Manhattan Works Pizza
661,Mani Pizzas
662,Margarita Flat Bread Pizza
663,Margarita Pizza
664,Margarita Pizza (large)
665,Margarita Pizza (medium)
666,Margarita Pizza (small)
667,Margarita Sicilian Pizza
668,Margerita Pizza
669,Margherita Flatbread Pizza
670,Margherita Gourmet Pizza
671,Margherita Pizza
672,Margherita Pizza (on Honey Wheat Dough)
673,Margherita Pizza (white)
674,Margherita Pizza 6 Calamari Fritti
675,Margherita Pizza Crepe
676,"Margherita Pizza, Tomatoes, Mozzarella and Basil"
677,"Margherita Winner World Cup Pizza, Cup, Naples, Italy"
678,Marguerita Pizza
679,Marinara Pizza
680,Marinara Pizza (tomato Pie)
681,Marinara Square Pizza
682,Marino Pizza
683,Massive Cheese Pizza
684,Master Pizzas
685,Maui Chicken Pizza
686,Maui Wowi Pizza
687,"Max, S Pepperoni Pizza"
688,Meal Buster Pizza
689,Meat Eaters Pizza
690,Meat Lover Gourmet Stuffed Pizza
691,Meat Lover Pizza
692,Meat Lovers Pizza
693,Meat Lovers Pizza (deep Dish)
694,Meat Lovers Pizza (large)
695,Meat Lovers Pizza (medium)
696,Meat Lovers Pizza (small)
697,Meat Lovers Specialty Pizza
698,Meat Market Pizza
699,Meat Munchers Pizza
700,Meat Pizza
701,Meat Sicilian Pizza
702,Meat Stuffed Pizza
703,Meat Supreme Pizza
704,Meat The Pizza Scramble
705,Meatball Pizza
706,Meatball or Chicken Parm Pizza
707,Mediterranean Gourmet Pizza (reg Crust)
708,Mediterranean Gourmet Suffed Pizza
709,Mediterranean Pizza
710,Mediterranean Thin Crust Pizza
711,Medium 4 Topping Pizza
712,Medium 6 Topping Pizza
713,Medium Cheese Pizza
714,Medium Gourmet House Pizza
715,Medium Pizza
716,Medium Pizza Offers
717,Medium Thin Crust Pizza
718,Mega Meat Pizza
719,Melchacho Pizza
720,Memphis Bbq Chicken Pizza
721,Mexican Pizza
722,Mexican Pizza Dip
723,Mexico City Grill Pizza
724,Mexico City Pizza
725,Milano Pizza
726,Mini 1 Topping Pizza
727,Mini Cheese Pizza
728,Mini Cheese and Tomato Deep Dish Pizza
729,Mini Cheese or Pepperoni Thin Crust Pizza
730,Mini Mediterranean Ground Beef Pizza
731,Mini Pizza
732,Mini Pizza Bites
733,Mini Pizza One Topping
734,Miso Pizza
735,Mississippi Bbq Pizza
736,Mixed Vegetable Pizza
737,Mona Lisa Pizza
738,Monte Carlo Pizza (white)
739,Montville Inn Pizza
740,Moped Pizza
741,Morning Pizza
742,Moroccan Style Spicy Pizza
743,Moussakka Style Pizza
744,Mozzarella Cheese Pizza
745,Mozzarella Cheese Pizza With Tomato Sauce
746,Mozzarella Organic Tomato Pizza
747,Mozzarella Pizza
748,Mr. Potato Pizza
749,Mr. Shoes Philly Steak Pizza
750,Mr. Shoes White Pizza
751,Muncheez Bbq Chicken Pizza
752,Musaka Pizza
753,Mushroom Fontina Pizza
754,Mushroom Hunter Pizza
755,Mushroom Pizza
756,Mushroom Pizza Steak
757,Naan Pizza
758,Naan Pizza 1
759,Naan Pizza 2
760,Naan Pizza 3
761,Napoli Artisan Crust Pizza
762,Napoli Pizza
763,Napolitana Pizza
764,Neapolitan Pizza
765,Neapolitan Style Pizza
766,New Chicken Wing Pizza
767,New Five Cheese Pizza
768,New Pizza Calamari
769,New White Pizza
770,New York Pizza
771,New York Strip Pizzaiola
772,New York Style Cheese Pizza Slice
773,New York Style Pizza
774,New Yorker Pizza
775,Newcastle Bbq Chicken Pizza
776,Newest Pizza In Town
777,Nightly Pizza Special
778,No Dough Pizza
779,Not Just Your Regular Veggie Pizza
780,Nuevo Pizza
781,Nutella Pizza
782,Nutella Pizza (8 Slices)
783,Nutella Pizza (sweet Pie)
784,Nutilla Pizza
785,Ohio River Pizza
786,Old Fashion Pizza
787,Old Fashion Tomato Pizza
788,One Item Pizza
789,One Jumbo Plain Tomato and Cheese Pizza
790,"One Large House Made Pizza Dough Ball,"
791,One Topping Cheese Pizza
792,One Topping Pizza
793,Onion Pizza
794,Ooey Gooey Pizza Pie
795,Order 3 Large Pizzas and Get The 4th Pizza Free
796,Original Bbq Chicken Pizza
797,Original Herb Cheese Pizza Points
798,Original Pizza Puff
799,Ortolano Pizza
800,Our Famous Thin Crust Pizza
801,Our Terrific Cheese Pizza
802,Oven Roasted Vegetable Pizza
803,Pacific Veggie Pizza
804,Palermo (our Signature Pizza)
805,Palermo Pizza
806,Pan Cheese Pizza
807,Pan Cheese Pizza With One Ingredient
808,Pan Pizza
809,Pan Pizza 16 Inches
810,Pancetta Egg Pizza
811,Panini Alla Pizza
812,Parma Pizza
813,Parmesan Chicken Pizza
814,Party Cheese Pepperoni Sheet Pizza
815,Party Pizza
816,Pastis De Pizza
817,Paupers Pizza
818,Pazzo Pizza
819,Penne Ala Vodka Pizza
820,Pepe Le Pizza
821,Peperoncini Pizza
822,Pepper Bacon Pizza
823,Pepperoni Cheese Pizza
824,Pepperoni Cheese Steak Pizza
825,Pepperoni Chicken Pizza Steak
826,Pepperoni Classica Pizza
827,Pepperoni Flatbread Pizza
828,Pepperoni Mushroom Pizza
829,Pepperoni Pizza
830,Pepperoni Pizza Burger
831,Pepperoni Pizza Fries
832,Pepperoni Pizza Poppers
833,Pepperoni Pizza Pretzel
834,Pepperoni Pizza Skinz
835,Pepperoni Pizza Slice
836,Pepperoni Pizza Steak
837,Pepperoni Pomodoro Pizza
838,Pepperoni Powerhouse Pizza
839,Pepperoni Square Pizza
840,Pepperoni Stuffed Pizza
841,Pepperoni Thin Crust Pizza
842,Pepperoni or Cheese Pizza
843,Pepperoni or Mushroom Pizza Burger
844,Pepperoni or Sausage Pizza
845,"Pepperoni, Spicy Sausage Prosciutto Pizza"
846,Pepperosa Pizza
847,Peppers Pizza
848,Perfect Pizza Sub
849,Personal Cheese Pizza
850,Personal Pan Pizza
851,Personal Pepperoni Pizza
852,Personal Pizza
853,Personal Size Pizza (cheese or Pepperoni)
854,Pesto Artichoke Pizza
855,Pesto Chicken Pepperoni Pizza
856,Pesto Chicken Pizza
857,Pesto Chicken and Artichoke Flatbread Pizza
858,Pesto Pizza
859,Pesto Pizza (seasonal)
860,Pesto Sauce Pizza (vegetarian)
861,Peter Pan Pizza
862,Phat Boyz White Pizza
863,Philly Cheese Pizza
864,Philly Cheese Steak Pizza
865,Philly Cheese With Beef Pizza
866,Philly Cheese With Chicken  Pizza
867,Philly Cheesesteak Pizza
868,Philly Cheesesteak Pizza Rolls
869,Philly Cheesteak Pizza
870,Philly Chesse Steak Pizza
871,Philly Pizza
872,Philly Steak Pizza
873,Philly Style White Pizza
874,Philly Traditional Steak Pizza
875,Philly White Chicken Pizza
876,Pierogi Pizza
877,Piggy In Heat Pizza
878,Pint of Pizza Sauce
879,Piranha Pizza
880,Pirate Special Pizza
881,Pita Bread Cheese Pizza
882,Pita Pizza
883,Pita Pizza Sandwich
884,Pita Plain Pizza
885,Pizza
886,Pizza  Burger
887,Pizza  Pocket
888,Pizza A La Mexicana
889,Pizza A La Vodka
890,Pizza Abbroz
891,Pizza Ai Fichi
892,Pizza Ai Funghi
893,Pizza Al Funghi
894,Pizza Al Fungi
895,Pizza Al Pesto
896,Pizza Al Prosciutto
897,Pizza Al Uovo
898,Pizza Ala Vodka
899,Pizza Alejo
900,Pizza Alfredo
901,Pizza Alla Genovese
902,Pizza Alla Vodka
903,Pizza Alpina
904,Pizza Americana
905,Pizza Angelina
906,Pizza Bagel
907,Pizza Bagel (plain)
908,Pizza Bagel With Mushroom
909,Pizza Bagel With Pepperoni
910,Pizza Bagel With Pepperoni and Mushroom
911,Pizza Bake
912,Pizza Bar
913,Pizza Barbeque
914,Pizza Base
915,Pizza Bianca
916,Pizza Bianca (without Tomato Sauce)
917,Pizza Biancha (no Sauce)
918,Pizza Bianco
919,Pizza Bianco (white Pizza)
920,Pizza Bismarck
921,Pizza Bites
922,Pizza Blanca
923,Pizza Bloody Mary
924,Pizza Boat
925,Pizza Bolognese
926,Pizza Bomba
927,Pizza Boy Citra Pils (4)
928,Pizza Bravo
929,Pizza Bread
930,Pizza Bread (1 Topping)
931,Pizza Bread Cheese
932,Pizza Bread Deluxe
933,Pizza Bread Slices
934,Pizza Bread or Tomato Bread
935,Pizza Bruschetta
936,Pizza Buffet
937,Pizza Burger
938,Pizza Burger 6 Oz.
939,Pizza Burger Deluxe
940,Pizza Burger Melt
941,Pizza Burger Prima
942,Pizza Burger Sub
943,Pizza Burger W Fries
944,Pizza By The Slice
945,Pizza By The Slice (plain Cheese)
946,Pizza Calabrese
947,Pizza Calandra
948,Pizza Calzones
949,Pizza Campari
950,Pizza Capari
951,Pizza Caprese
952,Pizza Capricciosa
953,Pizza Capriciosa
954,Pizza Carne
955,Pizza Chalet Mexican Pizza
956,Pizza Chalet Special
957,Pizza Chalet Swiss Combo
958,Pizza Cheese Burger
959,Pizza Cheese Burger Platter
960,Pizza Cheese Steak
961,Pizza Cheese Stix
962,Pizza Chefs Surprise of The Day
963,Pizza Chevre
964,Pizza City Delight Pizza
965,Pizza Classica
966,Pizza Classics
967,Pizza Claudia
968,Pizza Combo
969,Pizza Con Carne
970,Pizza Con Fiore Di Zucca
971,Pizza Con Formaggio
972,Pizza Con Funghi E Taleggio
973,Pizza Con Gamberi
974,Pizza Con Pollo E Pesto
975,Pizza Con Prosciutto E Rucola
976,Pizza Con Salsiccia E Rapini
977,Pizza Con Uovo Fritto
978,Pizza Contadina
979,Pizza Crusts
980,Pizza Cubana
981,Pizza D.o.c.
982,Pizza De Mare
983,Pizza De Uovo
984,Pizza Del Giorno
985,Pizza Della Nonna
986,Pizza Delmar
987,Pizza Deluxe
988,Pizza Di Estate Dal Forno A Legna
989,Pizza Di Parma
990,Pizza Dipping Sauce Cup
991,Pizza Dolce Alla Nutella
992,Pizza Dora
993,Pizza Double Deal
994,Pizza Dough
995,Pizza Dough Balls
996,Pizza Dough Flats
997,Pizza Dujour
998,Pizza Eggs Roll
999,Pizza Fest
1000,Pizza Finito
1001,Pizza For Two
1002,Pizza Formaggi
1003,Pizza French Fries
1004,Pizza Fresca
1005,Pizza Fries
1006,Pizza Friez
1007,Pizza Fritta
1008,Pizza Fugazza
1009,Pizza Funghi
1010,Pizza Gorgonzola
1011,Pizza Hawaiian
1012,Pizza Hero
1013,Pizza Hoagie
1014,Pizza Hoagy
1015,Pizza Hogie
1016,Pizza Il Bosco
1017,Pizza La France
1018,Pizza Lasagna
1019,Pizza Logs
1020,Pizza Logs (new)
1021,Pizza Luau
1022,Pizza Lunch Deal
1023,Pizza Mania
1024,Pizza Margarita
1025,Pizza Margherita
1026,Pizza Margherita Combination
1027,Pizza Margherita D. O. P.
1028,Pizza Marguerite
1029,Pizza Marinara
1030,Pizza Mediterranean
1031,Pizza Melanzane
1032,Pizza Mexicana
1033,Pizza Mia
1034,Pizza Muffinsupick6 Favorite
1035,Pizza Napoletana
1036,Pizza Norcina (without Tomato Sauce)
1037,Pizza Nova Special
1038,Pizza Nugs
1039,Pizza Occhio Di Bue
1040,Pizza Omelette
1041,Pizza Ortolana
1042,Pizza Palermo
1043,Pizza Panini
1044,Pizza Parmigiana
1045,Pizza Pepe
1046,Pizza Pepperoni
1047,Pizza Pesto
1048,Pizza Piccante
1049,Pizza Pizza
1050,Pizza Pollo
1051,Pizza Polpettine
1052,Pizza Polpo
1053,Pizza Port Chronic Amber Ale
1054,Pizza Port Chronicle
1055,"Pizza Port Chronicle Ale, Carlsbad, California, Usa (5.0)"
1056,Pizza Positano (large Only)
1057,Pizza Pretzel
1058,Pizza Primavera
1059,Pizza Prosciutto
1060,Pizza Prosciutto Con Arugula
1061,Pizza Prosciutto Con Arugula Combination
1062,Pizza Puff
1063,Pizza Puffs
1064,Pizza Pugliese
1065,Pizza Quattro Formaggi
1066,Pizza Raviatta
1067,Pizza Ricco
1068,Pizza Rima
1069,Pizza Role
1070,Pizza Roll
1071,Pizza Roll Sub
1072,Pizza Rolls
1073,Pizza Rustica Con Caprino
1074,Pizza Rustica Con Pancetta E Uova
1075,Pizza Rustico
1076,Pizza Salame Piccante
1077,Pizza Salmone
1078,Pizza Salmone Affumicato
1079,Pizza Salsiccia
1080,Pizza Salsiccia Piccante
1081,Pizza Sandwich
1082,Pizza Sandwich and Medium Drink
1083,Pizza Sarah
1084,Pizza Sauce
1085,Pizza Sausage
1086,Pizza Schiacchiata Alla Toscana
1087,Pizza Schiacciata Alla Toscana
1088,"Pizza Seafood, White or Red"
1089,Pizza Sem Puce
1090,Pizza Semplice
1091,Pizza Shell
1092,Pizza Skins
1093,Pizza Slice
1094,"Pizza Slice, Fries"
1095,Pizza Slices
1096,Pizza Sopressata E Funghi
1097,Pizza Sorrento
1098,Pizza Special
1099,Pizza Steak
1100,Pizza Steak Platter
1101,Pizza Steak Sandwich
1102,Pizza Steak Sub
1103,Pizza Steak Works
1104,Pizza Stella Notte
1105,Pizza Stick
1106,Pizza Sticks
1107,Pizza Sub
1108,Pizza Sub Deluxe
1109,Pizza Sub Special
1110,Pizza Sub Wrap
1111,Pizza Subs
1112,Pizza Sushi
1113,Pizza Taco Roll
1114,Pizza Tartlets
1115,Pizza Tomato Sauce Cheese Blend
1116,Pizza Topping Dippers
1117,Pizza Toppings
1118,Pizza Turnover
1119,Pizza Turnover (baked)
1120,Pizza Turnovers
1121,Pizza Upside Down
1122,Pizza Vegetariana
1123,Pizza Vegitariana
1124,Pizza Verde
1125,Pizza Vino Caesar
1126,Pizza Vodka Sauce
1127,Pizza Vongole
1128,Pizza White
1129,Pizza With Chicken
1130,Pizza Zucca
1131,Pizza and Calzone Extras
1132,Pizza and Hoagies
1133,Pizza and Pitcher
1134,Pizza of The Day
1135,Pizza of The Moment
1136,Pizza of The Week
1137,Pizza or Calzone
1138,Pizza or Mushroom Hoagie
1139,"Pizza, Margherita"
1140,"Pizza, Mushroom"
1141,"Pizza, Puttenesca"
1142,"Pizza, Salami Piccante"
1143,"Pizza, White Truffle Meat Sauce"
1144,Pizzaa Burger
1145,Pizzaburger
1146,Pizzaetta
1147,Pizzaiola
1148,Pizzaiolla
1149,Pizzaroni
1150,Pizzas
1151,Pizzawich Monster Sub
1152,Plain Cheese Pizza
1153,Plain Pizza
1154,Plain White Pizza
1155,Plain or Pepperoni Pizza
1156,Platoon Pepperoni Pizza
1157,Pollo Ala Vodka Pizza
1158,Pollo Special Pizza
1159,Pork Bbq Pizza
1160,Pork Pie Flatbread Pizza
1161,Pork Tenderloin Pizzaiola
1162,Portabella Mushroom Pizza
1163,"Portabella Mushroom Pizza, Fontina, White Truffle Oil"
1164,Portabello Sicilian Pizza
1165,Portobello Mushroom Pizza
1166,Portobello Pizza
1167,Positano Chicken Pizza
1168,Potato and Broccoli Pizza
1169,Potato and Broccoli Pizza (large)
1170,Potato and Broccoli Pizza (medium)
1171,Potato and Broccoli Pizza (small)
1172,Premium Pizza Toppings
1173,Prima Pizza
1174,Primavera Pizza
1175,Prime Rib Pizza
1176,Primo Alfredo White Pizza
1177,Prosciutto Arugula Artisan Crust Pizza
1178,Prosciutto Arugula Pizza
1179,Prosciutto Bistro Pizza
1180,Prosciutto Di Parma Pizza
1181,Prosciutto Fennel Pizza
1182,Prosciutto Italiano Pizza
1183,Prosciutto Pizza
1184,"Prosciutto Pizza, Wild Arugula, Fontina, White Truffle Oil"
1185,Prosciutto Roasted Mushroom Pizza
1186,Prosciutto Rucola Pizza
1187,Prosciutto and Arugula Flatbread Pizza
1188,Prosciutto and Fig Pizza
1189,Provencal Pizza
1190,Provence Pizza
1191,Pub Pizza
1192,Pucks Pizza
1193,Puglian Brunch Pizza
1194,Pulled Chicken Pizza
1195,Pulled Pork Pizza
1196,Puttanesca Pizza
1197,Quattro Carne Pizza
1198,Quattro Formaggi Pizza
1199,Quesadilla Pizza
1200,Quesadillas (mexican Pizza)
1201,Quick Gyro Thin Crust Pizza
1202,Quinnipiac Pizza
1203,Ragin Cajun Pizza
1204,Ranch Bbq Chicken Pizza
1205,Ranch Chicken Pizza
1206,Rancher Pizza
1207,Raw Pizza
1208,Red Clam Pizza
1209,Red Pizza
1210,Regular Chicken Pizza
1211,Regular New York Style Pizza
1212,Regular Plain Pizza
1213,Regular Slice of Pizza
1214,Regularly New York Style Pizza
1215,Reuben Pizza
1216,Ricotta Cheese and Broccoli Pizza
1217,River Town Pizza
1218,Rivertown Pizza
1219,Roasted Garlic White Pizza
1220,Roasted Garlic and Sausage Pizza
1221,Roasted Mushroom Pizza
1222,Roasted Pizza
1223,Roasted Vegetable Pizza
1224,Roasted Vegetable and Goat Cheese Pizza
1225,Roasted Wild Mushroom Pizza
1226,Rollatini Pizza
1227,Rolled Pizza Bites 10
1228,Roma Pizza
1229,Roma Tomatro Basil Pizza
1230,Roman Pizza
1231,Romana Pizza
1232,Romano Pizza
1233,Rotisserie Chicken Pizza
1234,Round Pizza By The Slice
1235,Round Pizza On A Wrap
1236,Royal Margherita Pizza
1237,Run For The Border Pizza
1238,Rustica Pizza
1239,S.m.o.g. Pizza
1240,Sabatinos Pizza
1241,Sampler Pizza
1242,Santa Fe Pizza
1243,Santorini Pizza
1244,Sausage Onion Jam Pizza
1245,Sausage Pizza
1246,Scallion Pancakes (chinese Pizza)
1247,Scallop and Bacon Pizza
1248,Scaloppine Di Pollo Alla Pizzaiola
1249,Scaloppine Pizzaiola
1250,Scampi Pizza
1251,Seafood Pizza
1252,Seafood Pizza Platter
1253,Seafood Pizza Supreme
1254,Sesame Seed Crusted Sashimi Grade Rare Tuna Pizza
1255,Sexy Pizza (xl Only)
1256,Short Rib Pizza
1257,Shrimp Alfredo Pizza
1258,Shrimp Asparagus Pizza
1259,Shrimp Chorizo Pizza
1260,Shrimp Creole Pizza
1261,Shrimp Parmigiana Pizza
1262,Shrimp Pizza
1263,Shrimp Pizza Marinara
1264,Shrimp Scampi Pizza
1265,Shrimp and Artichoke Pizza
1266,Shrimp and Broccoli Pizza
1267,Shrimp and Goat Cheese Pizza
1268,Sicilian Cheese Pizza
1269,Sicilian Pan Pizza Includes
1270,Sicilian Pizza
1271,Sicilian Pizza (large)
1272,Sicilian Pizza (medium)
1273,Sicilian Pizza (small)
1274,Sicilian Pizza 16 Inches
1275,Sicilian Pizza Slice
1276,Sicilian Slice of Pizza
1277,Sicilian Square Party Tray Pizza
1278,Sicilian Square Pizza
1279,Sicilian Style (thick Crust Pizza)
1280,Sicilian Style Pizza
1281,Sicilian Sweet Tooth Thin Crust Pizza
1282,Sicilian Works Pizza
1283,Siciliian Superman Stuffed Pizza
1284,Sicillian Superman Thin Crust Pizza
1285,Sicillian Sweet Tooth Stuffed Pizza
1286,Side of Pizza Sauce
1287,Signature Pizza Slice of The Day
1288,Simply Pizza
1289,Simply Pizza Crust
1290,Simply Pizza Crust Mix
1291,Sirloin Steak Pizzaiola
1292,Slice of Cheese Pizza
1293,Slice of Cheese Pizza and Fries
1294,Slice of Pizza (cheese)
1295,Slice of Pizza (special)
1296,Slice of Pizza When Available
1297,Slice of Stuffed Pizza
1298,Small Cheese Pizza
1299,Small Pepperoni or Cheese Pizza
1300,Small Pizza
1301,Small Specialty Pizzas
1302,Small Supreme Pizza
1303,Smoked Bbq Chicken Pizza
1304,Smoked Chicken Bbq Pizza
1305,Smoked Salmon Naan Pizza
1306,Smoked Salmon Pizza
1307,Smokehouse Pizza
1308,Smoky Buffalo Chicken Pizza
1309,Smores Dessert Pizza
1310,Sorrentino Pizza
1311,Southern Pizza
1312,Southwest Pizza
1313,Spaniko Pizza (wheat Crust)
1314,Spanish Dancer Flatbread Pizza
1315,Special Neapolitan Pizza
1316,Special Sicilian Pizza
1317,Specialty Pizza
1318,Specialty Pizza Slice Event
1319,Specialty Pizza Toppings
1320,"Specialty Pizza, Preparations Change"
1321,Specialty Pizzas
1322,Specialty Thin Crust Pizza
1323,Spicy Buffalo Gourmet Pizza
1324,Spicy Buffalo Pizza
1325,Spicy Capicola Pizza
1326,Spicy Chicken Pizza
1327,Spicy Fennel Sausage Pizza
1328,Spicy Hawaiian Pizza
1329,Spicy Italian Sausage Pizza
1330,Spicy Meat Pizza
1331,Spicy Pizza
1332,"Spicy Rock Shrimp Pizza, Roasted Tomato Sauce, Caramelized Leeks"
1333,Spicy Sausage Pizza
1334,Spicy Shrimp Bruschetta Pizza
1335,Spicy Shrimp Pizza
1336,Spicy Tuna Pizza or Spicy Salmon Pizza
1337,Spinach Artichoke Pizza
1338,Spinach Large Pizza
1339,Spinach Medium Pizza
1340,Spinach Pie Pizza
1341,Spinach Pizza
1342,Spinach and Feta Pizza Rolls
1343,Square 1 Topping Pizza
1344,St. Elmo Prime Rib Pizza
1345,Start With A Cheese Pizza
1346,Start With Our Cheese Pizza and Add Your Favorite Toppings
1347,Start With Our Pizza Margherite
1348,Starter Pizza
1349,Staten Island Pizza
1350,Steak Pizza
1351,Steak Pizzaiola
1352,Steak Pizzaola
1353,Steak and Cheese Pizza
1354,Stinger Pizza
1355,Straight Up Junior Pizza
1356,Stuffed Bbq Chicken Pizza
1357,Stuffed Cheese Pizza
1358,Stuffed Cheese Pizza With One Ingredient
1359,Stuffed Cheesy Beef Pizza
1360,Stuffed Chicago Style Pizza
1361,Stuffed Deluxe Pizza
1362,Stuffed Hawaiian Pizza
1363,Stuffed Jalapeno Pizza
1364,Stuffed Meat Lovers Pizza
1365,Stuffed Meat Pizza
1366,Stuffed Pizza
1367,Stuffed Pizza (add)
1368,Stuffed Pizza (meat)
1369,Stuffed Pizza (vegetable)
1370,Stuffed Pizza Cheese
1371,Stuffed Pizza Rollers
1372,Stuffed Pizza Rolls
1373,Stuffed Pizza Slice
1374,Stuffed Veggie Pizza
1375,Summer Garden Pizza
1376,Summer Garden Pizza (large)
1377,Summer Garden Pizza (medium)
1378,Summer Garden Pizza (small)
1379,Sunny Side Up Farm Egg Pizza
1380,Super Pizza Sub
1381,Super Spud Pizza
1382,Super Supreme Pizza
1383,Super Veggie Pizza
1384,Superoni Pizza
1385,Supreme Combo Pizza
1386,Supreme Deluxe Pizza
1387,Supreme Ice Cream Pizza
1388,Supreme Pizza
1389,Sushi Pizza
1390,Sushi Pizza (sake Signature Dish)
1391,Sweep The Kitchen Pizza
1392,Sweet Fennel Sausage Pizza
1393,Swiss Chalet Pizza
1394,Swiss Pizza
1395,T. D. Pizza
1396,Taco Pizza
1397,Taco Pizza (large)
1398,Taco Pizza (medium)
1399,Taco Pizza (small)
1400,Taco Taco Pizza
1401,Taco or Chicken Taco Pizza
1402,Takka Sumpreme Pizza
1403,Tamale Pizza
1404,Taormina Pizza
1405,Taquitos Pizza
1406,Teriyaki Chicken Pizza
1407,Terra Piparade Pizza
1408,Tex Mex Pizza
1409,Texas Chicken Pizza
1410,Texas Ranger Pizza
1411,Thai Chicken Pizza
1412,Thai Dye Pizza
1413,Thai Pizza
1414,The Alfredo Pizza
1415,The Chicago Fire Pizza
1416,The Classic Mexican Pizza
1417,The Classic Pizza
1418,The Dude Pizza
1419,The Everything Pizza
1420,The Flamethrower Pizza
1421,The Meatball Pizza
1422,The New Yorker Party Pizza
1423,The New Yorker Pizza
1424,The Original Bbq Chicken Pizza
1425,The Original Cellar Pita Pizza
1426,The Original Cheese Pizza
1427,The Original Greek Pizza
1428,The Palace Supreme Pizza
1429,The Pizza Steak
1430,The Plain Big Cheese Pan Pizza
1431,The Reuben Pizza
1432,The Tommy Gun Breakfast Pizza
1433,The Torch Pizza
1434,The White Pizza
1435,The Works Pizza
1436,The Youghigheny Pizza
1437,Thick or Thin Crust Cheese Pizza
1438,Thin Crust Cheese Pizza
1439,Thin Crust Four Season Pizza
1440,Thin Crust Hawaiian Pizza
1441,Thin Crust Margarita Pizza
1442,Thin Crust Mini Pizza
1443,Thin Crust Pizza
1444,Thin Crust Pizza Margherita
1445,Thin Crust Pizza or Spaghetti
1446,Thin Crust Veggie Pizza
1447,Thin Crust or Deep Dish Pizza
1448,Thin Grilled Pizza or Thick Crust
1449,Thin and Crispy Pizza (napolitano Style)
1450,Thincredible Thin Crust Pizza
1451,Three Cheese Pizza
1452,Three Cheese White Pizza
1453,Three Guys Pizza
1454,Three Item Pizza
1455,Three Topping Cheese Pizza
1456,Thyme Roasted Mushroom Pizza
1457,To The Price of Any Pizza
1458,Tofu Pizza
1459,Tomato Pie Pizza
1460,Tomato Sauce and Cheese (basic Pizza)
1461,"Tomato, Bacon, and Ranch Pizza"
1462,Tony Ronis Pizza Steak
1463,Toscana Pizza
1464,Toscano Italian Pizza
1465,Toss Up Pizza
1466,Traditional Cheese Pizza
1467,Traditional Neapolitan Pizza
1468,Traditional Pizza
1469,Traditional Pizzas
1470,Tre Colori Pizza
1471,Trenton Tomato Pizza
1472,Trio Cheese Pizza
1473,Tropical Tease Pizza
1474,Truffled Egg Pizza
1475,Tuna Pizza
1476,Tuna Pizza With Truffle Oil
1477,Tuna Sushi Pizza
1478,Tunisian Pizza
1479,Tuscan Brunch Pizza
1480,Tuscan Chicken Pizza
1481,Tuscan Chicken With Spinach Pizza
1482,Tuscan Fig and Oyster Mushroom Pizza
1483,Tuscan Mushroom Pizza
1484,Tuscan Pepperoni Pizza
1485,Twice Baked Potato Pizza
1486,Two Brothers Special Pizza
1487,Two Item Pizza
1488,Two Pizza Deal
1489,Two Slices of Cheese Pizza
1490,Two Slices of Plain Pizza
1491,Two Topping Cheese Pizza
1492,Ultimate Buffalo Chicken Pizza
1493,Ultimate Meat Pizza
1494,Ultimate Pepperoni Pizza
1495,Ultimate Supreme Pizza
1496,Unreal Pizza Deal
1497,Veal Pizzaiola
1498,Veal Scallopini Pizzaiola
1499,Vegan Margherita Pizza
1500,Vegan Pizza
1501,Vegetable Gourmet Pizza (reg Crust)
1502,Vegetable Heaven Stuffed Pizza
1503,Vegetable Heaven Thin Crust Pizza
1504,Vegetable Large Pizza
1505,Vegetable Medium Pizza
1506,Vegetable Pizza
1507,Vegetable Pizza Bread Sandwich
1508,Vegetable Sicilian Pizza
1509,Vegetables Pizza
1510,Vegetarian Mexican Pizza
1511,Vegetarian Pizza
1512,Vegetarian Sampler Pizza
1513,Vegetarian White Pizza
1514,Vegetrian Pizza
1515,Veggie Alfredo Pizza
1516,Veggie Combo Pizza
1517,Veggie Flatbread Pizza
1518,Veggie Lovers Pizza
1519,Veggie Patch Pizza
1520,Veggie Pita Pizza
1521,Veggie Pizza
1522,Veggie Pizza (extra Large 28 Pieces)
1523,Veggie Pizza (large 20 Pieces)
1524,Veggie Pizza (medium 16 Pieces)
1525,Veggie Pizza (on Honey Wheat Dough)
1526,Veggie Pizza (party Size 36 Pieces)
1527,Veggie Pizza (personal Size)
1528,Veggie Pizza (small 8 Pieces)
1529,Veggie Pizza (tomato)
1530,Veggie Pizza Scramble
1531,Veggie Pizza Wrap
1532,Veggie Ranch Pizza
1533,Veggie Sicilian Pizza
1534,Veggie Special Pizza
1535,Veggie Supreme Pizza
1536,Veggie or Meat Deluxe Pizza
1537,Vegilicious Pizza
1538,Venison Sausage Pizza
1539,Vineyard Flat Bread Pizza
1540,Virgin White Pizza
1541,Vodka Sauce Pizza
1542,Wednesday Pizza Night
1543,Wednesday Pizzas
1544,Western Pizza
1545,Western Steak Pizza
1546,When You Were A Kid Pizza Burger
1547,White Bacon and Tomato Pizza
1548,White Broccoli and Tomato Pizza
1549,White Garlic Pizza
1550,White Knight Pizza
1551,White Pesto Pizza
1552,White Pizza
1553,"White Pizza (garlic, Ricotta, No Sauce)"
1554,White Pizza (great For Kids)
1555,White Pizza (large)
1556,White Pizza (medium)
1557,White Pizza (no Sauce)
1558,White Pizza (pizza Bianca)
1559,White Pizza (small)
1560,White Pizza Bagel
1561,White Pizza Deluxe
1562,White Pizza Special
1563,White Pizza Sub
1564,White Pizza Thin
1565,White Pizza With Broccoli Rabe
1566,White Pizza With Broccoli or Spinach
1567,White Pizza With Tomato
1568,"White Pizza, Four Cheeses, Garlic, Sprinkle of Oregano"
1569,White Suicilian Stuffed Pizza
1570,White Suicilian Thin Crust Pizza
1571,White Veggie Pizza
1572,Whole Breakfast Pizza
1573,Whole Enchilada Pizza
1574,Whole Pizza
1575,Whole Pizza Pie
1576,Whole Wheat Pizza
1577,Whole Wheat Veggie Pizza
1578,Wild Mushroom Brunch Pizza
1579,Wild Mushroom Pizza
1580,Wild Ranch Pizza
1581,Wild Thing Pizza
1582,Winter Pizza
1583,Wisconsin 6 Cheese Pizza
1584,With Pizza Cheese
1585,Wood Fire Grilled Pizza
1586,Wood Oven Cheese Pizza
1587,Wood Oven Pizza
1588,Works Pizza
1589,Yiayias Pizza
1590,Your Very Own Pizza
1591,Yummy Honey Cheese Pizza
1592,Z Breakfast Pizza
1593,Zbq Pizza
1594,Zesty Garlic Wing Pizza
1595,Zesty Italian Pizza
1596,Zingers Pizza
1597,Zucchini Flat Bread Pizza
